{"cameraMode":{"drawMode":0,"name":"Shaded","section":"Shading Mode"},"sceneLighting":true,"audioPlay":false,"sceneViewState":{"m_AlwaysRefresh":false,"showFog":true,"showSkybox":false,"showFlares":true,"showImageEffects":true,"showParticleSystems":true,"showVisualEffectGraphs":true,"m_FxEnabled":true},"in2DMode":false,"pivot":{"x":-0.7885676622390747,"y":1.1311750411987305,"z":2.5226755142211916},"rotation":{"x":0.001858814968727529,"y":0.9941679835319519,"z":0.01608211174607277,"w":-0.10692474991083145},"size":2.4248712062835695,"orthographic":false}