{"cameraMode":{"drawMode":0,"name":"Shaded","section":"Shading Mode"},"sceneLighting":false,"audioPlay":false,"sceneViewState":{"m_AlwaysRefresh":false,"showFog":true,"showSkybox":false,"showFlares":true,"showImageEffects":true,"showParticleSystems":true,"showVisualEffectGraphs":true,"m_FxEnabled":true},"in2DMode":false,"pivot":{"x":-0.6187359094619751,"y":0.4688195586204529,"z":2.6584959030151369},"rotation":{"x":-0.20140735805034638,"y":-0.01411956362426281,"z":0.002845075447112322,"w":-0.9794199466705322},"size":0.8233262300491333,"orthographic":false}