{"cameraMode":{"drawMode":0,"name":"Shaded","section":"Shading Mode"},"sceneLighting":false,"audioPlay":false,"sceneViewState":{"m_AlwaysRefresh":false,"showFog":true,"showSkybox":false,"showFlares":true,"showImageEffects":true,"showParticleSystems":true,"showVisualEffectGraphs":true,"m_FxEnabled":true},"in2DMode":false,"pivot":{"x":0.28884708881378176,"y":0.9708346128463745,"z":1.8776973485946656},"rotation":{"x":0.11827017366886139,"y":0.06579413264989853,"z":-0.007867838256061077,"w":0.990776538848877},"size":1.3362852334976197,"orthographic":false}