{"cameraMode":{"drawMode":0,"name":"Shaded","section":"Shading Mode"},"sceneLighting":false,"audioPlay":false,"sceneViewState":{"m_AlwaysRefresh":false,"showFog":true,"showSkybox":false,"showFlares":true,"showImageEffects":true,"showParticleSystems":true,"showVisualEffectGraphs":true,"m_FxEnabled":true},"in2DMode":false,"pivot":{"x":-0.15472567081451417,"y":0.06494410336017609,"z":0.3616591691970825},"rotation":{"x":-0.09649772197008133,"y":0.47110843658447268,"z":-0.05194137617945671,"w":-0.8752483129501343},"size":0.40116390585899355,"orthographic":false}