{"cameraMode":{"drawMode":0,"name":"Shaded","section":"Shading Mode"},"sceneLighting":false,"audioPlay":false,"sceneViewState":{"m_AlwaysRefresh":false,"showFog":true,"showSkybox":false,"showFlares":true,"showImageEffects":true,"showParticleSystems":true,"showVisualEffectGraphs":true,"m_FxEnabled":true},"in2DMode":false,"pivot":{"x":0.048732757568359378,"y":13.643901824951172,"z":0.3888816833496094},"rotation":{"x":0.29326653480529787,"y":0.1810063272714615,"z":-0.056630689650774,"w":0.9370399117469788},"size":16.90805435180664,"orthographic":false}