{"cameraMode":{"drawMode":0,"name":"Shaded","section":"Shading Mode"},"sceneLighting":false,"audioPlay":false,"sceneViewState":{"m_AlwaysRefresh":false,"showFog":true,"showSkybox":false,"showFlares":true,"showImageEffects":true,"showParticleSystems":true,"showVisualEffectGraphs":true,"m_FxEnabled":true},"in2DMode":false,"pivot":{"x":-0.09670130163431168,"y":-0.11137495934963227,"z":0.44172602891921999},"rotation":{"x":-0.0020500849932432176,"y":0.9966480135917664,"z":0.026607651263475419,"w":0.07756651937961579},"size":0.11861897259950638,"orthographic":false}