{"cameraMode":{"drawMode":0,"name":"Shaded","section":"Shading Mode"},"sceneLighting":false,"audioPlay":false,"sceneViewState":{"m_AlwaysRefresh":false,"showFog":true,"showSkybox":false,"showFlares":true,"showImageEffects":true,"showParticleSystems":true,"showVisualEffectGraphs":true,"m_FxEnabled":true},"in2DMode":false,"pivot":{"x":-2.086162567138672e-7,"y":0.46881917119026186,"z":-0.02538304030895233},"rotation":{"x":-0.20140735805034638,"y":-0.01411956362426281,"z":0.002845075447112322,"w":-0.9794199466705322},"size":0.5540198087692261,"orthographic":false}