{"cameraMode":{"drawMode":0,"name":"Shaded","section":"Shading Mode"},"sceneLighting":false,"audioPlay":false,"sceneViewState":{"m_AlwaysRefresh":false,"showFog":true,"showSkybox":false,"showFlares":true,"showImageEffects":true,"showParticleSystems":true,"showVisualEffectGraphs":true,"m_FxEnabled":true},"in2DMode":false,"pivot":{"x":-0.027016401290893556,"y":0.014933347702026368,"z":0.09511613845825196},"rotation":{"x":0.29326653480529787,"y":0.1810063272714615,"z":-0.056630689650774,"w":0.9370399117469788},"size":5.877453327178955,"orthographic":false}