{"cameraMode":{"drawMode":0,"name":"Shaded","section":"Shading Mode"},"sceneLighting":true,"audioPlay":false,"sceneViewState":{"m_AlwaysRefresh":false,"showFog":true,"showSkybox":false,"showFlares":true,"showImageEffects":true,"showParticleSystems":true,"showVisualEffectGraphs":true,"m_FxEnabled":true},"in2DMode":false,"pivot":{"x":-6.990368366241455,"y":1.2587705850601197,"z":8.357102394104004},"rotation":{"x":-0.04336827993392944,"y":0.23922444880008698,"z":0.01072548609226942,"w":0.9699468016624451},"size":0.25482311844825747,"orthographic":false}